{"#1:8":{"x":770.8867795339321,"y":504.6174787077188},"#19:6":{"x":535.5032759742579,"y":181.25974063287345},"#1:9":{"x":377.4808769319533,"y":533.6317157976869},"#4:8":{"x":241.44423006970732,"y":445.4427473209933},"#4:9":{"x":245.93791565212112,"y":332.65397434877497},"#7:8":{"x":239.26546329570712,"y":268.23260451114527},"#10:9":{"x":900.8764441947485,"y":201.51339755983665},"#7:9":{"x":755.2125039994413,"y":259.2467639182993},"#13:8":{"x":798.3342436095999,"y":376.34105030559726},"#10:8":{"x":566.1993387368985,"y":631.1988999103316},"#16:8":{"x":863.9570342805698,"y":107.15203984342048},"#16:7":{"x":275.7787953868237,"y":516.6932511089612},"#22:7":{"x":234.30276782745014,"y":224.40504509731375},"#19:7":{"x":235.65009151539311,"y":174.9484475966144},"#22:6":{"x":240.7469780113973,"y":135.93508266092047}}