{"#503:0":{"x":173.31795102394915,"y":-25.993573160865747},"#530:0":{"x":109.7960172328614,"y":-177.98615671724605},"#533:0":{"x":-95.89718121821372,"y":30.115940282502592},"#536:0":{"x":-109.81064531615294,"y":-33.15572207354852},"#476:0":{"x":109.81064531615294,"y":167.48615671724605}}